<!DOCTYPE html>
<html style="height:100%">
<head>
<meta name="viewport" content="width=device-width, initial-scale=1, shrink-to-fit=no" />
<title> 416 Requested range not satisfiable
</title><style>@media (prefers-color-scheme:dark){body{background-color:#000!important}}</style></head>
<body style="color: #444; margin:0;font: normal 14px/20px Arial, Helvetica, sans-serif; height:100%; background-color: #fff;">
<div style="height:auto; min-height:100%; ">     <div style="text-align: center; width:800px; margin-left: -400px; position:absolute; top: 30%; left:50%;">
        <h1 style="margin:0; font-size:150px; line-height:150px; font-weight:bold;">416</h1>
<h2 style="margin-top:20px;font-size: 30px;">Requested range not satisfiable
</h2>
<p>None of the range specified overlap the current extent of the selected resource.
</p>
</div></div></body></html>
